INPUT						Chars Typed				
149			=COUNTIF(B:B,TRUE)	=COUNTIF(C:C,TRUE)		"=COUNTIF( ,TRUE"	=LEN(G2)-2			
163	=A3>A2					"=COUNTIF( ,TRUE"	=LEN(G3)-2			Notes: This was super easy...very spreadsheet problem
165	=A4>A3					"=>"	=LEN(G4)-2			
160	=A5>A4	=A5>A2				"=>"	=LEN(G5)-2			
179	=A6>A5	=A6>A3					=SUM(H2:H5)			
184	=A7>A6	=A7>A4								
186	=A8>A7	=A8>A5								
199	=A9>A8	=A9>A6								
207	=A10>A9	=A10>A7								
210	=A11>A10	=A11>A8								
211	=A12>A11	=A12>A9								
212	=A13>A12	=A13>A10								
228	=A14>A13	=A14>A11								
241	=A15>A14	=A15>A12								
242	=A16>A15	=A16>A13								
265	=A17>A16	=A17>A14								
269	=A18>A17	=A18>A15								
271	=A19>A18	=A19>A16								
287	=A20>A19	=A20>A17								
286	=A21>A20	=A21>A18								
295	=A22>A21	=A22>A19								
296	=A23>A22	=A23>A20								
293	=A24>A23	=A24>A21								
300	=A25>A24	=A25>A22								
301	=A26>A25	=A26>A23								
302	=A27>A26	=A27>A24								
304	=A28>A27	=A28>A25								
308	=A29>A28	=A29>A26								
320	=A30>A29	=A30>A27								
322	=A31>A30	=A31>A28								
321	=A32>A31	=A32>A29								
333	=A33>A32	=A33>A30								
350	=A34>A33	=A34>A31								
345	=A35>A34	=A35>A32								
348	=A36>A35	=A36>A33								
347	=A37>A36	=A37>A34								
351	=A38>A37	=A38>A35								
348	=A39>A38	=A39>A36								
349	=A40>A39	=A40>A37								
345	=A41>A40	=A41>A38								
353	=A42>A41	=A42>A39								
366	=A43>A42	=A43>A40								
376	=A44>A43	=A44>A41								
384	=A45>A44	=A45>A42								
387	=A46>A45	=A46>A43								
390	=A47>A46	=A47>A44								
391	=A48>A47	=A48>A45								
378	=A49>A48	=A49>A46								
382	=A50>A49	=A50>A47								
394	=A51>A50	=A51>A48								
409	=A52>A51	=A52>A49								
411	=A53>A52	=A53>A50								
415	=A54>A53	=A54>A51								
419	=A55>A54	=A55>A52								
424	=A56>A55	=A56>A53								
425	=A57>A56	=A57>A54								
427	=A58>A57	=A58>A55								
428	=A59>A58	=A59>A56								
436	=A60>A59	=A60>A57								
445	=A61>A60	=A61>A58								
446	=A62>A61	=A62>A59								
459	=A63>A62	=A63>A60								
464	=A64>A63	=A64>A61								
478	=A65>A64	=A65>A62								
479	=A66>A65	=A66>A63								
493	=A67>A66	=A67>A64								
492	=A68>A67	=A68>A65								
493	=A69>A68	=A69>A66								
482	=A70>A69	=A70>A67								
484	=A71>A70	=A71>A68								
491	=A72>A71	=A72>A69								
492	=A73>A72	=A73>A70								
497	=A74>A73	=A74>A71								
501	=A75>A74	=A75>A72								
506	=A76>A75	=A76>A73								
509	=A77>A76	=A77>A74								
521	=A78>A77	=A78>A75								
526	=A79>A78	=A79>A76								
527	=A80>A79	=A80>A77								
539	=A81>A80	=A81>A78								
546	=A82>A81	=A82>A79								
547	=A83>A82	=A83>A80								
551	=A84>A83	=A84>A81								
562	=A85>A84	=A85>A82								
567	=A86>A85	=A86>A83								
568	=A87>A86	=A87>A84								
573	=A88>A87	=A88>A85								
590	=A89>A88	=A89>A86								
591	=A90>A89	=A90>A87								
596	=A91>A90	=A91>A88								
612	=A92>A91	=A92>A89								
613	=A93>A92	=A93>A90								
618	=A94>A93	=A94>A91								
620	=A95>A94	=A95>A92								
593	=A96>A95	=A96>A93								
594	=A97>A96	=A97>A94								
596	=A98>A97	=A98>A95								
597	=A99>A98	=A99>A96								
596	=A100>A99	=A100>A97								
612	=A101>A100	=A101>A98								
616	=A102>A101	=A102>A99								
618	=A103>A102	=A103>A100								
620	=A104>A103	=A104>A101								
621	=A105>A104	=A105>A102								
622	=A106>A105	=A106>A103								
611	=A107>A106	=A107>A104								
612	=A108>A107	=A108>A105								
613	=A109>A108	=A109>A106								
610	=A110>A109	=A110>A107								
615	=A111>A110	=A111>A108								
616	=A112>A111	=A112>A109								
634	=A113>A112	=A113>A110								
647	=A114>A113	=A114>A111								
654	=A115>A114	=A115>A112								
655	=A116>A115	=A116>A113								
656	=A117>A116	=A117>A114								
657	=A118>A117	=A118>A115								
659	=A119>A118	=A119>A116								
676	=A120>A119	=A120>A117								
678	=A121>A120	=A121>A118								
675	=A122>A121	=A122>A119								
703	=A123>A122	=A123>A120								
715	=A124>A123	=A124>A121								
722	=A125>A124	=A125>A122								
738	=A126>A125	=A126>A123								
747	=A127>A126	=A127>A124								
760	=A128>A127	=A128>A125								
765	=A129>A128	=A129>A126								
771	=A130>A129	=A130>A127								
784	=A131>A130	=A131>A128								
789	=A132>A131	=A132>A129								
792	=A133>A132	=A133>A130								
769	=A134>A133	=A134>A131								
770	=A135>A134	=A135>A132								
773	=A136>A135	=A136>A133								
762	=A137>A136	=A137>A134								
772	=A138>A137	=A138>A135								
817	=A139>A138	=A139>A136								
823	=A140>A139	=A140>A137								
825	=A141>A140	=A141>A138								
864	=A142>A141	=A142>A139								
863	=A143>A142	=A143>A140								
849	=A144>A143	=A144>A141								
852	=A145>A144	=A145>A142								
862	=A146>A145	=A146>A143								
868	=A147>A146	=A147>A144								
893	=A148>A147	=A148>A145								
895	=A149>A148	=A149>A146								
896	=A150>A149	=A150>A147								
925	=A151>A150	=A151>A148								
946	=A152>A151	=A152>A149								
945	=A153>A152	=A153>A150								
946	=A154>A153	=A154>A151								
945	=A155>A154	=A155>A152								
964	=A156>A155	=A156>A153								
954	=A157>A156	=A157>A154								
962	=A158>A157	=A158>A155								
969	=A159>A158	=A159>A156								
976	=A160>A159	=A160>A157								
1004	=A161>A160	=A161>A158								
1007	=A162>A161	=A162>A159								
1015	=A163>A162	=A163>A160								
1029	=A164>A163	=A164>A161								
1037	=A165>A164	=A165>A162								
1043	=A166>A165	=A166>A163								
1048	=A167>A166	=A167>A164								
1070	=A168>A167	=A168>A165								
1080	=A169>A168	=A169>A166								
1100	=A170>A169	=A170>A167								
1097	=A171>A170	=A171>A168								
1094	=A172>A171	=A172>A169								
1102	=A173>A172	=A173>A170								
1099	=A174>A173	=A174>A171								
1098	=A175>A174	=A175>A172								
1099	=A176>A175	=A176>A173								
1096	=A177>A176	=A177>A174								
1097	=A178>A177	=A178>A175								
1117	=A179>A178	=A179>A176								
1123	=A180>A179	=A180>A177								
1124	=A181>A180	=A181>A178								
1125	=A182>A181	=A182>A179								
1127	=A183>A182	=A183>A180								
1119	=A184>A183	=A184>A181								
1121	=A185>A184	=A185>A182								
1137	=A186>A185	=A186>A183								
1173	=A187>A186	=A187>A184								
1174	=A188>A187	=A188>A185								
1179	=A189>A188	=A189>A186								
1181	=A190>A189	=A190>A187								
1200	=A191>A190	=A191>A188								
1204	=A192>A191	=A192>A189								
1175	=A193>A192	=A193>A190								
1179	=A194>A193	=A194>A191								
1180	=A195>A194	=A195>A192								
1189	=A196>A195	=A196>A193								
1194	=A197>A196	=A197>A194								
1195	=A198>A197	=A198>A195								
1197	=A199>A198	=A199>A196								
1199	=A200>A199	=A200>A197								
1206	=A201>A200	=A201>A198								
1200	=A202>A201	=A202>A199								
1208	=A203>A202	=A203>A200								
1211	=A204>A203	=A204>A201								
1213	=A205>A204	=A205>A202								
1214	=A206>A205	=A206>A203								
1229	=A207>A206	=A207>A204								
1230	=A208>A207	=A208>A205								
1271	=A209>A208	=A209>A206								
1278	=A210>A209	=A210>A207								
1279	=A211>A210	=A211>A208								
1282	=A212>A211	=A212>A209								
1288	=A213>A212	=A213>A210								
1285	=A214>A213	=A214>A211								
1291	=A215>A214	=A215>A212								
1290	=A216>A215	=A216>A213								
1294	=A217>A216	=A217>A214								
1297	=A218>A217	=A218>A215								
1299	=A219>A218	=A219>A216								
1300	=A220>A219	=A220>A217								
1320	=A221>A220	=A221>A218								
1324	=A222>A221	=A222>A219								
1323	=A223>A222	=A223>A220								
1328	=A224>A223	=A224>A221								
1329	=A225>A224	=A225>A222								
1330	=A226>A225	=A226>A223								
1331	=A227>A226	=A227>A224								
1334	=A228>A227	=A228>A225								
1337	=A229>A228	=A229>A226								
1311	=A230>A229	=A230>A227								
1313	=A231>A230	=A231>A228								
1314	=A232>A231	=A232>A229								
1320	=A233>A232	=A233>A230								
1323	=A234>A233	=A234>A231								
1318	=A235>A234	=A235>A232								
1323	=A236>A235	=A236>A233								
1331	=A237>A236	=A237>A234								
1339	=A238>A237	=A238>A235								
1340	=A239>A238	=A239>A236								
1328	=A240>A239	=A240>A237								
1334	=A241>A240	=A241>A238								
1336	=A242>A241	=A242>A239								
1342	=A243>A242	=A243>A240								
1343	=A244>A243	=A244>A241								
1350	=A245>A244	=A245>A242								
1357	=A246>A245	=A246>A243								
1359	=A247>A246	=A247>A244								
1377	=A248>A247	=A248>A245								
1378	=A249>A248	=A249>A246								
1384	=A250>A249	=A250>A247								
1368	=A251>A250	=A251>A248								
1369	=A252>A251	=A252>A249								
1371	=A253>A252	=A253>A250								
1380	=A254>A253	=A254>A251								
1360	=A255>A254	=A255>A252								
1349	=A256>A255	=A256>A253								
1374	=A257>A256	=A257>A254								
1373	=A258>A257	=A258>A255								
1376	=A259>A258	=A259>A256								
1372	=A260>A259	=A260>A257								
1382	=A261>A260	=A261>A258								
1384	=A262>A261	=A262>A259								
1391	=A263>A262	=A263>A260								
1393	=A264>A263	=A264>A261								
1399	=A265>A264	=A265>A262								
1403	=A266>A265	=A266>A263								
1404	=A267>A266	=A267>A264								
1419	=A268>A267	=A268>A265								
1427	=A269>A268	=A269>A266								
1425	=A270>A269	=A270>A267								
1454	=A271>A270	=A271>A268								
1455	=A272>A271	=A272>A269								
1458	=A273>A272	=A273>A270								
1459	=A274>A273	=A274>A271								
1479	=A275>A274	=A275>A272								
1484	=A276>A275	=A276>A273								
1485	=A277>A276	=A277>A274								
1487	=A278>A277	=A278>A275								
1492	=A279>A278	=A279>A276								
1497	=A280>A279	=A280>A277								
1499	=A281>A280	=A281>A278								
1496	=A282>A281	=A282>A279								
1503	=A283>A282	=A283>A280								
1528	=A284>A283	=A284>A281								
1543	=A285>A284	=A285>A282								
1535	=A286>A285	=A286>A283								
1546	=A287>A286	=A287>A284								
1547	=A288>A287	=A288>A285								
1549	=A289>A288	=A289>A286								
1546	=A290>A289	=A290>A287								
1547	=A291>A290	=A291>A288								
1549	=A292>A291	=A292>A289								
1550	=A293>A292	=A293>A290								
1553	=A294>A293	=A294>A291								
1581	=A295>A294	=A295>A292								
1583	=A296>A295	=A296>A293								
1598	=A297>A296	=A297>A294								
1616	=A298>A297	=A298>A295								
1618	=A299>A298	=A299>A296								
1640	=A300>A299	=A300>A297								
1638	=A301>A300	=A301>A298								
1655	=A302>A301	=A302>A299								
1686	=A303>A302	=A303>A300								
1685	=A304>A303	=A304>A301								
1671	=A305>A304	=A305>A302								
1674	=A306>A305	=A306>A303								
1680	=A307>A306	=A307>A304								
1673	=A308>A307	=A308>A305								
1675	=A309>A308	=A309>A306								
1676	=A310>A309	=A310>A307								
1673	=A311>A310	=A311>A308								
1674	=A312>A311	=A312>A309								
1679	=A313>A312	=A313>A310								
1681	=A314>A313	=A314>A311								
1689	=A315>A314	=A315>A312								
1701	=A316>A315	=A316>A313								
1702	=A317>A316	=A317>A314								
1708	=A318>A317	=A318>A315								
1722	=A319>A318	=A319>A316								
1723	=A320>A319	=A320>A317								
1727	=A321>A320	=A321>A318								
1739	=A322>A321	=A322>A319								
1742	=A323>A322	=A323>A320								
1743	=A324>A323	=A324>A321								
1756	=A325>A324	=A325>A322								
1759	=A326>A325	=A326>A323								
1763	=A327>A326	=A327>A324								
1767	=A328>A327	=A328>A325								
1768	=A329>A328	=A329>A326								
1772	=A330>A329	=A330>A327								
1771	=A331>A330	=A331>A328								
1775	=A332>A331	=A332>A329								
1783	=A333>A332	=A333>A330								
1784	=A334>A333	=A334>A331								
1794	=A335>A334	=A335>A332								
1796	=A336>A335	=A336>A333								
1815	=A337>A336	=A337>A334								
1811	=A338>A337	=A338>A335								
1812	=A339>A338	=A339>A336								
1822	=A340>A339	=A340>A337								
1820	=A341>A340	=A341>A338								
1836	=A342>A341	=A342>A339								
1825	=A343>A342	=A343>A340								
1828	=A344>A343	=A344>A341								
1826	=A345>A344	=A345>A342								
1827	=A346>A345	=A346>A343								
1832	=A347>A346	=A347>A344								
1844	=A348>A347	=A348>A345								
1847	=A349>A348	=A349>A346								
1854	=A350>A349	=A350>A347								
1855	=A351>A350	=A351>A348								
1857	=A352>A351	=A352>A349								
1864	=A353>A352	=A353>A350								
1854	=A354>A353	=A354>A351								
1869	=A355>A354	=A355>A352								
1868	=A356>A355	=A356>A353								
1867	=A357>A356	=A357>A354								
1868	=A358>A357	=A358>A355								
1872	=A359>A358	=A359>A356								
1875	=A360>A359	=A360>A357								
1876	=A361>A360	=A361>A358								
1880	=A362>A361	=A362>A359								
1874	=A363>A362	=A363>A360								
1875	=A364>A363	=A364>A361								
1876	=A365>A364	=A365>A362								
1877	=A366>A365	=A366>A363								
1881	=A367>A366	=A367>A364								
1882	=A368>A367	=A368>A365								
1897	=A369>A368	=A369>A366								
1898	=A370>A369	=A370>A367								
1903	=A371>A370	=A371>A368								
1904	=A372>A371	=A372>A369								
1906	=A373>A372	=A373>A370								
1904	=A374>A373	=A374>A371								
1911	=A375>A374	=A375>A372								
1908	=A376>A375	=A376>A373								
1909	=A377>A376	=A377>A374								
1930	=A378>A377	=A378>A375								
1929	=A379>A378	=A379>A376								
1928	=A380>A379	=A380>A377								
1948	=A381>A380	=A381>A378								
1958	=A382>A381	=A382>A379								
1963	=A383>A382	=A383>A380								
1964	=A384>A383	=A384>A381								
1967	=A385>A384	=A385>A382								
1971	=A386>A385	=A386>A383								
1960	=A387>A386	=A387>A384								
1958	=A388>A387	=A388>A385								
1968	=A389>A388	=A389>A386								
1969	=A390>A389	=A390>A387								
1972	=A391>A390	=A391>A388								
1973	=A392>A391	=A392>A389								
1974	=A393>A392	=A393>A390								
1980	=A394>A393	=A394>A391								
1981	=A395>A394	=A395>A392								
1992	=A396>A395	=A396>A393								
1993	=A397>A396	=A397>A394								
1999	=A398>A397	=A398>A395								
1998	=A399>A398	=A399>A396								
1997	=A400>A399	=A400>A397								
1996	=A401>A400	=A401>A398								
1997	=A402>A401	=A402>A399								
2008	=A403>A402	=A403>A400								
2007	=A404>A403	=A404>A401								
1987	=A405>A404	=A405>A402								
1991	=A406>A405	=A406>A403								
1992	=A407>A406	=A407>A404								
1998	=A408>A407	=A408>A405								
2006	=A409>A408	=A409>A406								
2007	=A410>A409	=A410>A407								
2014	=A411>A410	=A411>A408								
2017	=A412>A411	=A412>A409								
2022	=A413>A412	=A413>A410								
2027	=A414>A413	=A414>A411								
2017	=A415>A414	=A415>A412								
2020	=A416>A415	=A416>A413								
2048	=A417>A416	=A417>A414								
2049	=A418>A417	=A418>A415								
2050	=A419>A418	=A419>A416								
2054	=A420>A419	=A420>A417								
2055	=A421>A420	=A421>A418								
2067	=A422>A421	=A422>A419								
2072	=A423>A422	=A423>A420								
2089	=A424>A423	=A424>A421								
2075	=A425>A424	=A425>A422								
2076	=A426>A425	=A426>A423								
2077	=A427>A426	=A427>A424								
2078	=A428>A427	=A428>A425								
2085	=A429>A428	=A429>A426								
2086	=A430>A429	=A430>A427								
2088	=A431>A430	=A431>A428								
2091	=A432>A431	=A432>A429								
2086	=A433>A432	=A433>A430								
2094	=A434>A433	=A434>A431								
2102	=A435>A434	=A435>A432								
2103	=A436>A435	=A436>A433								
2105	=A437>A436	=A437>A434								
2107	=A438>A437	=A438>A435								
2109	=A439>A438	=A439>A436								
2111	=A440>A439	=A440>A437								
2124	=A441>A440	=A441>A438								
2125	=A442>A441	=A442>A439								
2127	=A443>A442	=A443>A440								
2130	=A444>A443	=A444>A441								
2131	=A445>A444	=A445>A442								
2133	=A446>A445	=A446>A443								
2136	=A447>A446	=A447>A444								
2147	=A448>A447	=A448>A445								
2148	=A449>A448	=A449>A446								
2153	=A450>A449	=A450>A447								
2152	=A451>A450	=A451>A448								
2158	=A452>A451	=A452>A449								
2157	=A453>A452	=A453>A450								
2164	=A454>A453	=A454>A451								
2165	=A455>A454	=A455>A452								
2167	=A456>A455	=A456>A453								
2166	=A457>A456	=A457>A454								
2200	=A458>A457	=A458>A455								
2201	=A459>A458	=A459>A456								
2200	=A460>A459	=A460>A457								
2206	=A461>A460	=A461>A458								
2207	=A462>A461	=A462>A459								
2197	=A463>A462	=A463>A460								
2208	=A464>A463	=A464>A461								
2209	=A465>A464	=A465>A462								
2211	=A466>A465	=A466>A463								
2217	=A467>A466	=A467>A464								
2235	=A468>A467	=A468>A465								
2236	=A469>A468	=A469>A466								
2243	=A470>A469	=A470>A467								
2233	=A471>A470	=A471>A468								
2226	=A472>A471	=A472>A469								
2238	=A473>A472	=A473>A470								
2244	=A474>A473	=A474>A471								
2237	=A475>A474	=A475>A472								
2232	=A476>A475	=A476>A473								
2229	=A477>A476	=A477>A474								
2233	=A478>A477	=A478>A475								
2242	=A479>A478	=A479>A476								
2239	=A480>A479	=A480>A477								
2240	=A481>A480	=A481>A478								
2241	=A482>A481	=A482>A479								
2242	=A483>A482	=A483>A480								
2247	=A484>A483	=A484>A481								
2248	=A485>A484	=A485>A482								
2260	=A486>A485	=A486>A483								
2276	=A487>A486	=A487>A484								
2273	=A488>A487	=A488>A485								
2275	=A489>A488	=A489>A486								
2301	=A490>A489	=A490>A487								
2317	=A491>A490	=A491>A488								
2340	=A492>A491	=A492>A489								
2341	=A493>A492	=A493>A490								
2328	=A494>A493	=A494>A491								
2332	=A495>A494	=A495>A492								
2326	=A496>A495	=A496>A493								
2322	=A497>A496	=A497>A494								
2323	=A498>A497	=A498>A495								
2330	=A499>A498	=A499>A496								
2334	=A500>A499	=A500>A497								
2351	=A501>A500	=A501>A498								
2352	=A502>A501	=A502>A499								
2360	=A503>A502	=A503>A500								
2370	=A504>A503	=A504>A501								
2371	=A505>A504	=A505>A502								
2370	=A506>A505	=A506>A503								
2377	=A507>A506	=A507>A504								
2378	=A508>A507	=A508>A505								
2381	=A509>A508	=A509>A506								
2392	=A510>A509	=A510>A507								
2406	=A511>A510	=A511>A508								
2385	=A512>A511	=A512>A509								
2392	=A513>A512	=A513>A510								
2397	=A514>A513	=A514>A511								
2395	=A515>A514	=A515>A512								
2393	=A516>A515	=A516>A513								
2397	=A517>A516	=A517>A514								
2395	=A518>A517	=A518>A515								
2414	=A519>A518	=A519>A516								
2418	=A520>A519	=A520>A517								
2424	=A521>A520	=A521>A518								
2429	=A522>A521	=A522>A519								
2431	=A523>A522	=A523>A520								
2455	=A524>A523	=A524>A521								
2456	=A525>A524	=A525>A522								
2468	=A526>A525	=A526>A523								
2478	=A527>A526	=A527>A524								
2483	=A528>A527	=A528>A525								
2485	=A529>A528	=A529>A526								
2484	=A530>A529	=A530>A527								
2485	=A531>A530	=A531>A528								
2486	=A532>A531	=A532>A529								
2475	=A533>A532	=A533>A530								
2484	=A534>A533	=A534>A531								
2493	=A535>A534	=A535>A532								
2494	=A536>A535	=A536>A533								
2513	=A537>A536	=A537>A534								
2519	=A538>A537	=A538>A535								
2529	=A539>A538	=A539>A536								
2530	=A540>A539	=A540>A537								
2535	=A541>A540	=A541>A538								
2537	=A542>A541	=A542>A539								
2555	=A543>A542	=A543>A540								
2540	=A544>A543	=A544>A541								
2541	=A545>A544	=A545>A542								
2539	=A546>A545	=A546>A543								
2533	=A547>A546	=A547>A544								
2534	=A548>A547	=A548>A545								
2543	=A549>A548	=A549>A546								
2548	=A550>A549	=A550>A547								
2551	=A551>A550	=A551>A548								
2557	=A552>A551	=A552>A549								
2561	=A553>A552	=A553>A550								
2563	=A554>A553	=A554>A551								
2565	=A555>A554	=A555>A552								
2600	=A556>A555	=A556>A553								
2601	=A557>A556	=A557>A554								
2595	=A558>A557	=A558>A555								
2594	=A559>A558	=A559>A556								
2609	=A560>A559	=A560>A557								
2613	=A561>A560	=A561>A558								
2587	=A562>A561	=A562>A559								
2591	=A563>A562	=A563>A560								
2598	=A564>A563	=A564>A561								
2604	=A565>A564	=A565>A562								
2564	=A566>A565	=A566>A563								
2568	=A567>A566	=A567>A564								
2570	=A568>A567	=A568>A565								
2576	=A569>A568	=A569>A566								
2575	=A570>A569	=A570>A567								
2577	=A571>A570	=A571>A568								
2595	=A572>A571	=A572>A569								
2602	=A573>A572	=A573>A570								
2605	=A574>A573	=A574>A571								
2613	=A575>A574	=A575>A572								
2615	=A576>A575	=A576>A573								
2606	=A577>A576	=A577>A574								
2601	=A578>A577	=A578>A575								
2600	=A579>A578	=A579>A576								
2598	=A580>A579	=A580>A577								
2599	=A581>A580	=A581>A578								
2601	=A582>A581	=A582>A579								
2603	=A583>A582	=A583>A580								
2617	=A584>A583	=A584>A581								
2623	=A585>A584	=A585>A582								
2625	=A586>A585	=A586>A583								
2626	=A587>A586	=A587>A584								
2638	=A588>A587	=A588>A585								
2641	=A589>A588	=A589>A586								
2642	=A590>A589	=A590>A587								
2636	=A591>A590	=A591>A588								
2637	=A592>A591	=A592>A589								
2630	=A593>A592	=A593>A590								
2617	=A594>A593	=A594>A591								
2619	=A595>A594	=A595>A592								
2616	=A596>A595	=A596>A593								
2615	=A597>A596	=A597>A594								
2624	=A598>A597	=A598>A595								
2633	=A599>A598	=A599>A596								
2635	=A600>A599	=A600>A597								
2663	=A601>A600	=A601>A598								
2666	=A602>A601	=A602>A599								
2668	=A603>A602	=A603>A600								
2671	=A604>A603	=A604>A601								
2672	=A605>A604	=A605>A602								
2675	=A606>A605	=A606>A603								
2685	=A607>A606	=A607>A604								
2686	=A608>A607	=A608>A605								
2697	=A609>A608	=A609>A606								
2702	=A610>A609	=A610>A607								
2704	=A611>A610	=A611>A608								
2723	=A612>A611	=A612>A609								
2724	=A613>A612	=A613>A610								
2729	=A614>A613	=A614>A611								
2716	=A615>A614	=A615>A612								
2718	=A616>A615	=A616>A613								
2727	=A617>A616	=A617>A614								
2731	=A618>A617	=A618>A615								
2770	=A619>A618	=A619>A616								
2761	=A620>A619	=A620>A617								
2778	=A621>A620	=A621>A618								
2800	=A622>A621	=A622>A619								
2801	=A623>A622	=A623>A620								
2798	=A624>A623	=A624>A621								
2799	=A625>A624	=A625>A622								
2800	=A626>A625	=A626>A623								
2801	=A627>A626	=A627>A624								
2798	=A628>A627	=A628>A625								
2794	=A629>A628	=A629>A626								
2795	=A630>A629	=A630>A627								
2835	=A631>A630	=A631>A628								
2836	=A632>A631	=A632>A629								
2845	=A633>A632	=A633>A630								
2848	=A634>A633	=A634>A631								
2858	=A635>A634	=A635>A632								
2873	=A636>A635	=A636>A633								
2874	=A637>A636	=A637>A634								
2892	=A638>A637	=A638>A635								
2906	=A639>A638	=A639>A636								
2898	=A640>A639	=A640>A637								
2927	=A641>A640	=A641>A638								
2933	=A642>A641	=A642>A639								
2936	=A643>A642	=A643>A640								
2940	=A644>A643	=A644>A641								
2948	=A645>A644	=A645>A642								
2950	=A646>A645	=A646>A643								
2945	=A647>A646	=A647>A644								
2947	=A648>A647	=A648>A645								
2957	=A649>A648	=A649>A646								
2949	=A650>A649	=A650>A647								
2950	=A651>A650	=A651>A648								
2951	=A652>A651	=A652>A649								
2957	=A653>A652	=A653>A650								
2959	=A654>A653	=A654>A651								
2960	=A655>A654	=A655>A652								
2962	=A656>A655	=A656>A653								
2978	=A657>A656	=A657>A654								
2982	=A658>A657	=A658>A655								
2983	=A659>A658	=A659>A656								
2986	=A660>A659	=A660>A657								
3000	=A661>A660	=A661>A658								
3002	=A662>A661	=A662>A659								
3004	=A663>A662	=A663>A660								
3005	=A664>A663	=A664>A661								
3002	=A665>A664	=A665>A662								
3009	=A666>A665	=A666>A663								
3022	=A667>A666	=A667>A664								
3009	=A668>A667	=A668>A665								
3002	=A669>A668	=A669>A666								
3003	=A670>A669	=A670>A667								
3022	=A671>A670	=A671>A668								
3037	=A672>A671	=A672>A669								
3040	=A673>A672	=A673>A670								
3041	=A674>A673	=A674>A671								
3042	=A675>A674	=A675>A672								
3044	=A676>A675	=A676>A673								
3045	=A677>A676	=A677>A674								
3049	=A678>A677	=A678>A675								
3053	=A679>A678	=A679>A676								
3057	=A680>A679	=A680>A677								
3060	=A681>A680	=A681>A678								
3061	=A682>A681	=A682>A679								
3059	=A683>A682	=A683>A680								
3060	=A684>A683	=A684>A681								
3070	=A685>A684	=A685>A682								
3071	=A686>A685	=A686>A683								
3072	=A687>A686	=A687>A684								
3075	=A688>A687	=A688>A685								
3076	=A689>A688	=A689>A686								
3081	=A690>A689	=A690>A687								
3084	=A691>A690	=A691>A688								
3081	=A692>A691	=A692>A689								
3080	=A693>A692	=A693>A690								
3086	=A694>A693	=A694>A691								
3098	=A695>A694	=A695>A692								
3099	=A696>A695	=A696>A693								
3100	=A697>A696	=A697>A694								
3105	=A698>A697	=A698>A695								
3107	=A699>A698	=A699>A696								
3113	=A700>A699	=A700>A697								
3121	=A701>A700	=A701>A698								
3126	=A702>A701	=A702>A699								
3131	=A703>A702	=A703>A700								
3136	=A704>A703	=A704>A701								
3145	=A705>A704	=A705>A702								
3150	=A706>A705	=A706>A703								
3153	=A707>A706	=A707>A704								
3154	=A708>A707	=A708>A705								
3156	=A709>A708	=A709>A706								
3157	=A710>A709	=A710>A707								
3165	=A711>A710	=A711>A708								
3154	=A712>A711	=A712>A709								
3155	=A713>A712	=A713>A710								
3156	=A714>A713	=A714>A711								
3169	=A715>A714	=A715>A712								
3176	=A716>A715	=A716>A713								
3191	=A717>A716	=A717>A714								
3188	=A718>A717	=A718>A715								
3190	=A719>A718	=A719>A716								
3197	=A720>A719	=A720>A717								
3199	=A721>A720	=A721>A718								
3221	=A722>A721	=A722>A719								
3254	=A723>A722	=A723>A720								
3262	=A724>A723	=A724>A721								
3263	=A725>A724	=A725>A722								
3259	=A726>A725	=A726>A723								
3258	=A727>A726	=A727>A724								
3259	=A728>A727	=A728>A725								
3267	=A729>A728	=A729>A726								
3266	=A730>A729	=A730>A727								
3268	=A731>A730	=A731>A728								
3263	=A732>A731	=A732>A729								
3268	=A733>A732	=A733>A730								
3269	=A734>A733	=A734>A731								
3291	=A735>A734	=A735>A732								
3295	=A736>A735	=A736>A733								
3294	=A737>A736	=A737>A734								
3326	=A738>A737	=A738>A735								
3327	=A739>A738	=A739>A736								
3335	=A740>A739	=A740>A737								
3327	=A741>A740	=A741>A738								
3343	=A742>A741	=A742>A739								
3346	=A743>A742	=A743>A740								
3369	=A744>A743	=A744>A741								
3368	=A745>A744	=A745>A742								
3372	=A746>A745	=A746>A743								
3375	=A747>A746	=A747>A744								
3379	=A748>A747	=A748>A745								
3386	=A749>A748	=A749>A746								
3395	=A750>A749	=A750>A747								
3396	=A751>A750	=A751>A748								
3397	=A752>A751	=A752>A749								
3409	=A753>A752	=A753>A750								
3412	=A754>A753	=A754>A751								
3416	=A755>A754	=A755>A752								
3418	=A756>A755	=A756>A753								
3419	=A757>A756	=A757>A754								
3418	=A758>A757	=A758>A755								
3417	=A759>A758	=A759>A756								
3414	=A760>A759	=A760>A757								
3424	=A761>A760	=A761>A758								
3425	=A762>A761	=A762>A759								
3430	=A763>A762	=A763>A760								
3431	=A764>A763	=A764>A761								
3433	=A765>A764	=A765>A762								
3434	=A766>A765	=A766>A763								
3435	=A767>A766	=A767>A764								
3421	=A768>A767	=A768>A765								
3422	=A769>A768	=A769>A766								
3424	=A770>A769	=A770>A767								
3425	=A771>A770	=A771>A768								
3416	=A772>A771	=A772>A769								
3429	=A773>A772	=A773>A770								
3423	=A774>A773	=A774>A771								
3432	=A775>A774	=A775>A772								
3444	=A776>A775	=A776>A773								
3451	=A777>A776	=A777>A774								
3468	=A778>A777	=A778>A775								
3469	=A779>A778	=A779>A776								
3468	=A780>A779	=A780>A777								
3470	=A781>A780	=A781>A778								
3471	=A782>A781	=A782>A779								
3472	=A783>A782	=A783>A780								
3473	=A784>A783	=A784>A781								
3471	=A785>A784	=A785>A782								
3483	=A786>A785	=A786>A783								
3486	=A787>A786	=A787>A784								
3495	=A788>A787	=A788>A785								
3496	=A789>A788	=A789>A786								
3501	=A790>A789	=A790>A787								
3505	=A791>A790	=A791>A788								
3496	=A792>A791	=A792>A789								
3497	=A793>A792	=A793>A790								
3507	=A794>A793	=A794>A791								
3512	=A795>A794	=A795>A792								
3515	=A796>A795	=A796>A793								
3519	=A797>A796	=A797>A794								
3523	=A798>A797	=A798>A795								
3524	=A799>A798	=A799>A796								
3525	=A800>A799	=A800>A797								
3524	=A801>A800	=A801>A798								
3549	=A802>A801	=A802>A799								
3551	=A803>A802	=A803>A800								
3525	=A804>A803	=A804>A801								
3526	=A805>A804	=A805>A802								
3534	=A806>A805	=A806>A803								
3536	=A807>A806	=A807>A804								
3542	=A808>A807	=A808>A805								
3545	=A809>A808	=A809>A806								
3548	=A810>A809	=A810>A807								
3527	=A811>A810	=A811>A808								
3529	=A812>A811	=A812>A809								
3528	=A813>A812	=A813>A810								
3553	=A814>A813	=A814>A811								
3555	=A815>A814	=A815>A812								
3560	=A816>A815	=A816>A813								
3561	=A817>A816	=A817>A814								
3580	=A818>A817	=A818>A815								
3582	=A819>A818	=A819>A816								
3579	=A820>A819	=A820>A817								
3582	=A821>A820	=A821>A818								
3586	=A822>A821	=A822>A819								
3584	=A823>A822	=A823>A820								
3588	=A824>A823	=A824>A821								
3564	=A825>A824	=A825>A822								
3572	=A826>A825	=A826>A823								
3568	=A827>A826	=A827>A824								
3567	=A828>A827	=A828>A825								
3565	=A829>A828	=A829>A826								
3583	=A830>A829	=A830>A827								
3575	=A831>A830	=A831>A828								
3579	=A832>A831	=A832>A829								
3581	=A833>A832	=A833>A830								
3589	=A834>A833	=A834>A831								
3605	=A835>A834	=A835>A832								
3613	=A836>A835	=A836>A833								
3615	=A837>A836	=A837>A834								
3617	=A838>A837	=A838>A835								
3643	=A839>A838	=A839>A836								
3645	=A840>A839	=A840>A837								
3652	=A841>A840	=A841>A838								
3654	=A842>A841	=A842>A839								
3653	=A843>A842	=A843>A840								
3654	=A844>A843	=A844>A841								
3659	=A845>A844	=A845>A842								
3656	=A846>A845	=A846>A843								
3659	=A847>A846	=A847>A844								
3653	=A848>A847	=A848>A845								
3651	=A849>A848	=A849>A846								
3654	=A850>A849	=A850>A847								
3657	=A851>A850	=A851>A848								
3675	=A852>A851	=A852>A849								
3677	=A853>A852	=A853>A850								
3679	=A854>A853	=A854>A851								
3707	=A855>A854	=A855>A852								
3710	=A856>A855	=A856>A853								
3717	=A857>A856	=A857>A854								
3755	=A858>A857	=A858>A855								
3758	=A859>A858	=A859>A856								
3759	=A860>A859	=A860>A857								
3761	=A861>A860	=A861>A858								
3766	=A862>A861	=A862>A859								
3768	=A863>A862	=A863>A860								
3759	=A864>A863	=A864>A861								
3761	=A865>A864	=A865>A862								
3762	=A866>A865	=A866>A863								
3790	=A867>A866	=A867>A864								
3791	=A868>A867	=A868>A865								
3793	=A869>A868	=A869>A866								
3797	=A870>A869	=A870>A867								
3784	=A871>A870	=A871>A868								
3785	=A872>A871	=A872>A869								
3786	=A873>A872	=A873>A870								
3787	=A874>A873	=A874>A871								
3790	=A875>A874	=A875>A872								
3792	=A876>A875	=A876>A873								
3784	=A877>A876	=A877>A874								
3789	=A878>A877	=A878>A875								
3792	=A879>A878	=A879>A876								
3795	=A880>A879	=A880>A877								
3789	=A881>A880	=A881>A878								
3790	=A882>A881	=A882>A879								
3797	=A883>A882	=A883>A880								
3783	=A884>A883	=A884>A881								
3795	=A885>A884	=A885>A882								
3792	=A886>A885	=A886>A883								
3801	=A887>A886	=A887>A884								
3804	=A888>A887	=A888>A885								
3806	=A889>A888	=A889>A886								
3810	=A890>A889	=A890>A887								
3808	=A891>A890	=A891>A888								
3813	=A892>A891	=A892>A889								
3793	=A893>A892	=A893>A890								
3797	=A894>A893	=A894>A891								
3802	=A895>A894	=A895>A892								
3810	=A896>A895	=A896>A893								
3822	=A897>A896	=A897>A894								
3825	=A898>A897	=A898>A895								
3830	=A899>A898	=A899>A896								
3839	=A900>A899	=A900>A897								
3838	=A901>A900	=A901>A898								
3837	=A902>A901	=A902>A899								
3838	=A903>A902	=A903>A900								
3839	=A904>A903	=A904>A901								
3840	=A905>A904	=A905>A902								
3841	=A906>A905	=A906>A903								
3842	=A907>A906	=A907>A904								
3862	=A908>A907	=A908>A905								
3870	=A909>A908	=A909>A906								
3871	=A910>A909	=A910>A907								
3886	=A911>A910	=A911>A908								
3887	=A912>A911	=A912>A909								
3890	=A913>A912	=A913>A910								
3882	=A914>A913	=A914>A911								
3890	=A915>A914	=A915>A912								
3884	=A916>A915	=A916>A913								
3885	=A917>A916	=A917>A914								
3907	=A918>A917	=A918>A915								
3914	=A919>A918	=A919>A916								
3926	=A920>A919	=A920>A917								
3934	=A921>A920	=A921>A918								
3935	=A922>A921	=A922>A919								
3944	=A923>A922	=A923>A920								
3954	=A924>A923	=A924>A921								
3946	=A925>A924	=A925>A922								
3951	=A926>A925	=A926>A923								
3954	=A927>A926	=A927>A924								
3957	=A928>A927	=A928>A925								
3958	=A929>A928	=A929>A926								
3970	=A930>A929	=A930>A927								
3981	=A931>A930	=A931>A928								
3988	=A932>A931	=A932>A929								
3985	=A933>A932	=A933>A930								
3988	=A934>A933	=A934>A931								
3989	=A935>A934	=A935>A932								
3982	=A936>A935	=A936>A933								
3978	=A937>A936	=A937>A934								
3979	=A938>A937	=A938>A935								
3980	=A939>A938	=A939>A936								
3981	=A940>A939	=A940>A937								
4001	=A941>A940	=A941>A938								
4002	=A942>A941	=A942>A939								
4011	=A943>A942	=A943>A940								
4016	=A944>A943	=A944>A941								
4021	=A945>A944	=A945>A942								
4026	=A946>A945	=A946>A943								
4024	=A947>A946	=A947>A944								
4027	=A948>A947	=A948>A945								
4043	=A949>A948	=A949>A946								
4044	=A950>A949	=A950>A947								
4062	=A951>A950	=A951>A948								
4066	=A952>A951	=A952>A949								
4069	=A953>A952	=A953>A950								
4067	=A954>A953	=A954>A951								
4087	=A955>A954	=A955>A952								
4099	=A956>A955	=A956>A953								
4097	=A957>A956	=A957>A954								
4091	=A958>A957	=A958>A955								
4093	=A959>A958	=A959>A956								
4090	=A960>A959	=A960>A957								
4088	=A961>A960	=A961>A958								
4094	=A962>A961	=A962>A959								
4100	=A963>A962	=A963>A960								
4108	=A964>A963	=A964>A961								
4109	=A965>A964	=A965>A962								
4105	=A966>A965	=A966>A963								
4121	=A967>A966	=A967>A964								
4138	=A968>A967	=A968>A965								
4141	=A969>A968	=A969>A966								
4144	=A970>A969	=A970>A967								
4145	=A971>A970	=A971>A968								
4154	=A972>A971	=A972>A969								
4153	=A973>A972	=A973>A970								
4156	=A974>A973	=A974>A971								
4157	=A975>A974	=A975>A972								
4153	=A976>A975	=A976>A973								
4151	=A977>A976	=A977>A974								
4157	=A978>A977	=A978>A975								
4161	=A979>A978	=A979>A976								
4162	=A980>A979	=A980>A977								
4163	=A981>A980	=A981>A978								
4165	=A982>A981	=A982>A979								
4162	=A983>A982	=A983>A980								
4171	=A984>A983	=A984>A981								
4170	=A985>A984	=A985>A982								
4177	=A986>A985	=A986>A983								
4192	=A987>A986	=A987>A984								
4202	=A988>A987	=A988>A985								
4203	=A989>A988	=A989>A986								
4204	=A990>A989	=A990>A987								
4213	=A991>A990	=A991>A988								
4217	=A992>A991	=A992>A989								
4218	=A993>A992	=A993>A990								
4220	=A994>A993	=A994>A991								
4221	=A995>A994	=A995>A992								
4222	=A996>A995	=A996>A993								
4228	=A997>A996	=A997>A994								
4258	=A998>A997	=A998>A995								
4259	=A999>A998	=A999>A996								
4261	=A1000>A999	=A1000>A997								
4262	=A1001>A1000	=A1001>A998								
4263	=A1002>A1001	=A1002>A999								
4267	=A1003>A1002	=A1003>A1000								
4269	=A1004>A1003	=A1004>A1001								
4277	=A1005>A1004	=A1005>A1002								
4279	=A1006>A1005	=A1006>A1003								
4278	=A1007>A1006	=A1007>A1004								
4256	=A1008>A1007	=A1008>A1005								
4258	=A1009>A1008	=A1009>A1006								
4277	=A1010>A1009	=A1010>A1007								
4301	=A1011>A1010	=A1011>A1008								
4297	=A1012>A1011	=A1012>A1009								
4336	=A1013>A1012	=A1013>A1010								
4315	=A1014>A1013	=A1014>A1011								
4301	=A1015>A1014	=A1015>A1012								
4302	=A1016>A1015	=A1016>A1013								
4299	=A1017>A1016	=A1017>A1014								
4291	=A1018>A1017	=A1018>A1015								
4294	=A1019>A1018	=A1019>A1016								
4295	=A1020>A1019	=A1020>A1017								
4297	=A1021>A1020	=A1021>A1018								
4291	=A1022>A1021	=A1022>A1019								
4292	=A1023>A1022	=A1023>A1020								
4297	=A1024>A1023	=A1024>A1021								
4303	=A1025>A1024	=A1025>A1022								
4313	=A1026>A1025	=A1026>A1023								
4319	=A1027>A1026	=A1027>A1024								
4327	=A1028>A1027	=A1028>A1025								
4312	=A1029>A1028	=A1029>A1026								
4311	=A1030>A1029	=A1030>A1027								
4316	=A1031>A1030	=A1031>A1028								
4321	=A1032>A1031	=A1032>A1029								
4323	=A1033>A1032	=A1033>A1030								
4335	=A1034>A1033	=A1034>A1031								
4337	=A1035>A1034	=A1035>A1032								
4338	=A1036>A1035	=A1036>A1033								
4348	=A1037>A1036	=A1037>A1034								
4343	=A1038>A1037	=A1038>A1035								
4344	=A1039>A1038	=A1039>A1036								
4345	=A1040>A1039	=A1040>A1037								
4327	=A1041>A1040	=A1041>A1038								
4329	=A1042>A1041	=A1042>A1039								
4331	=A1043>A1042	=A1043>A1040								
4334	=A1044>A1043	=A1044>A1041								
4355	=A1045>A1044	=A1045>A1042								
4356	=A1046>A1045	=A1046>A1043								
4352	=A1047>A1046	=A1047>A1044								
4360	=A1048>A1047	=A1048>A1045								
4366	=A1049>A1048	=A1049>A1046								
4376	=A1050>A1049	=A1050>A1047								
4383	=A1051>A1050	=A1051>A1048								
4391	=A1052>A1051	=A1052>A1049								
4373	=A1053>A1052	=A1053>A1050								
4388	=A1054>A1053	=A1054>A1051								
4376	=A1055>A1054	=A1055>A1052								
4372	=A1056>A1055	=A1056>A1053								
4369	=A1057>A1056	=A1057>A1054								
4366	=A1058>A1057	=A1058>A1055								
4376	=A1059>A1058	=A1059>A1056								
4392	=A1060>A1059	=A1060>A1057								
4397	=A1061>A1060	=A1061>A1058								
4398	=A1062>A1061	=A1062>A1059								
4406	=A1063>A1062	=A1063>A1060								
4405	=A1064>A1063	=A1064>A1061								
4420	=A1065>A1064	=A1065>A1062								
4427	=A1066>A1065	=A1066>A1063								
4426	=A1067>A1066	=A1067>A1064								
4423	=A1068>A1067	=A1068>A1065								
4419	=A1069>A1068	=A1069>A1066								
4420	=A1070>A1069	=A1070>A1067								
4418	=A1071>A1070	=A1071>A1068								
4420	=A1072>A1071	=A1072>A1069								
4418	=A1073>A1072	=A1073>A1070								
4423	=A1074>A1073	=A1074>A1071								
4427	=A1075>A1074	=A1075>A1072								
4428	=A1076>A1075	=A1076>A1073								
4430	=A1077>A1076	=A1077>A1074								
4419	=A1078>A1077	=A1078>A1075								
4420	=A1079>A1078	=A1079>A1076								
4421	=A1080>A1079	=A1080>A1077								
4417	=A1081>A1080	=A1081>A1078								
4418	=A1082>A1081	=A1082>A1079								
4435	=A1083>A1082	=A1083>A1080								
4434	=A1084>A1083	=A1084>A1081								
4448	=A1085>A1084	=A1085>A1082								
4449	=A1086>A1085	=A1086>A1083								
4450	=A1087>A1086	=A1087>A1084								
4451	=A1088>A1087	=A1088>A1085								
4456	=A1089>A1088	=A1089>A1086								
4453	=A1090>A1089	=A1090>A1087								
4456	=A1091>A1090	=A1091>A1088								
4480	=A1092>A1091	=A1092>A1089								
4481	=A1093>A1092	=A1093>A1090								
4504	=A1094>A1093	=A1094>A1091								
4512	=A1095>A1094	=A1095>A1092								
4519	=A1096>A1095	=A1096>A1093								
4527	=A1097>A1096	=A1097>A1094								
4530	=A1098>A1097	=A1098>A1095								
4529	=A1099>A1098	=A1099>A1096								
4530	=A1100>A1099	=A1100>A1097								
4549	=A1101>A1100	=A1101>A1098								
4569	=A1102>A1101	=A1102>A1099								
4572	=A1103>A1102	=A1103>A1100								
4579	=A1104>A1103	=A1104>A1101								
4578	=A1105>A1104	=A1105>A1102								
4583	=A1106>A1105	=A1106>A1103								
4587	=A1107>A1106	=A1107>A1104								
4599	=A1108>A1107	=A1108>A1105								
4604	=A1109>A1108	=A1109>A1106								
4619	=A1110>A1109	=A1110>A1107								
4618	=A1111>A1110	=A1111>A1108								
4619	=A1112>A1111	=A1112>A1109								
4627	=A1113>A1112	=A1113>A1110								
4628	=A1114>A1113	=A1114>A1111								
4626	=A1115>A1114	=A1115>A1112								
4627	=A1116>A1115	=A1116>A1113								
4629	=A1117>A1116	=A1117>A1114								
4628	=A1118>A1117	=A1118>A1115								
4632	=A1119>A1118	=A1119>A1116								
4635	=A1120>A1119	=A1120>A1117								
4636	=A1121>A1120	=A1121>A1118								
4669	=A1122>A1121	=A1122>A1119								
4681	=A1123>A1122	=A1123>A1120								
4684	=A1124>A1123	=A1124>A1121								
4681	=A1125>A1124	=A1125>A1122								
4683	=A1126>A1125	=A1126>A1123								
4682	=A1127>A1126	=A1127>A1124								
4686	=A1128>A1127	=A1128>A1125								
4690	=A1129>A1128	=A1129>A1126								
4689	=A1130>A1129	=A1130>A1127								
4690	=A1131>A1130	=A1131>A1128								
4692	=A1132>A1131	=A1132>A1129								
4695	=A1133>A1132	=A1133>A1130								
4696	=A1134>A1133	=A1134>A1131								
4692	=A1135>A1134	=A1135>A1132								
4691	=A1136>A1135	=A1136>A1133								
4722	=A1137>A1136	=A1137>A1134								
4721	=A1138>A1137	=A1138>A1135								
4720	=A1139>A1138	=A1139>A1136								
4721	=A1140>A1139	=A1140>A1137								
4732	=A1141>A1140	=A1141>A1138								
4735	=A1142>A1141	=A1142>A1139								
4734	=A1143>A1142	=A1143>A1140								
4737	=A1144>A1143	=A1144>A1141								
4736	=A1145>A1144	=A1145>A1142								
4739	=A1146>A1145	=A1146>A1143								
4744	=A1147>A1146	=A1147>A1144								
4775	=A1148>A1147	=A1148>A1145								
4790	=A1149>A1148	=A1149>A1146								
4796	=A1150>A1149	=A1150>A1147								
4769	=A1151>A1150	=A1151>A1148								
4770	=A1152>A1151	=A1152>A1149								
4763	=A1153>A1152	=A1153>A1150								
4765	=A1154>A1153	=A1154>A1151								
4787	=A1155>A1154	=A1155>A1152								
4804	=A1156>A1155	=A1156>A1153								
4792	=A1157>A1156	=A1157>A1154								
4794	=A1158>A1157	=A1158>A1155								
4795	=A1159>A1158	=A1159>A1156								
4793	=A1160>A1159	=A1160>A1157								
4794	=A1161>A1160	=A1161>A1158								
4799	=A1162>A1161	=A1162>A1159								
4817	=A1163>A1162	=A1163>A1160								
4828	=A1164>A1163	=A1164>A1161								
4842	=A1165>A1164	=A1165>A1162								
4844	=A1166>A1165	=A1166>A1163								
4849	=A1167>A1166	=A1167>A1164								
4852	=A1168>A1167	=A1168>A1165								
4876	=A1169>A1168	=A1169>A1166								
4877	=A1170>A1169	=A1170>A1167								
4892	=A1171>A1170	=A1171>A1168								
4896	=A1172>A1171	=A1172>A1169								
4906	=A1173>A1172	=A1173>A1170								
4907	=A1174>A1173	=A1174>A1171								
4910	=A1175>A1174	=A1175>A1172								
4922	=A1176>A1175	=A1176>A1173								
4927	=A1177>A1176	=A1177>A1174								
4930	=A1178>A1177	=A1178>A1175								
4933	=A1179>A1178	=A1179>A1176								
4934	=A1180>A1179	=A1180>A1177								
4935	=A1181>A1180	=A1181>A1178								
4940	=A1182>A1181	=A1182>A1179								
4938	=A1183>A1182	=A1183>A1180								
4951	=A1184>A1183	=A1184>A1181								
4966	=A1185>A1184	=A1185>A1182								
4975	=A1186>A1185	=A1186>A1183								
4987	=A1187>A1186	=A1187>A1184								
4988	=A1188>A1187	=A1188>A1185								
4991	=A1189>A1188	=A1189>A1186								
4992	=A1190>A1189	=A1190>A1187								
4996	=A1191>A1190	=A1191>A1188								
5001	=A1192>A1191	=A1192>A1189								
5002	=A1193>A1192	=A1193>A1190								
5014	=A1194>A1193	=A1194>A1191								
5026	=A1195>A1194	=A1195>A1192								
5031	=A1196>A1195	=A1196>A1193								
5035	=A1197>A1196	=A1197>A1194								
5038	=A1198>A1197	=A1198>A1195								
5037	=A1199>A1198	=A1199>A1196								
5038	=A1200>A1199	=A1200>A1197								
5048	=A1201>A1200	=A1201>A1198								
5049	=A1202>A1201	=A1202>A1199								
5072	=A1203>A1202	=A1203>A1200								
5074	=A1204>A1203	=A1204>A1201								
5100	=A1205>A1204	=A1205>A1202								
5101	=A1206>A1205	=A1206>A1203								
5107	=A1207>A1206	=A1207>A1204								
5116	=A1208>A1207	=A1208>A1205								
5115	=A1209>A1208	=A1209>A1206								
5127	=A1210>A1209	=A1210>A1207								
5125	=A1211>A1210	=A1211>A1208								
5134	=A1212>A1211	=A1212>A1209								
5136	=A1213>A1212	=A1213>A1210								
5140	=A1214>A1213	=A1214>A1211								
5143	=A1215>A1214	=A1215>A1212								
5150	=A1216>A1215	=A1216>A1213								
5148	=A1217>A1216	=A1217>A1214								
5178	=A1218>A1217	=A1218>A1215								
5179	=A1219>A1218	=A1219>A1216								
5181	=A1220>A1219	=A1220>A1217								
5186	=A1221>A1220	=A1221>A1218								
5187	=A1222>A1221	=A1222>A1219								
5191	=A1223>A1222	=A1223>A1220								
5202	=A1224>A1223	=A1224>A1221								
5204	=A1225>A1224	=A1225>A1222								
5202	=A1226>A1225	=A1226>A1223								
5206	=A1227>A1226	=A1227>A1224								
5217	=A1228>A1227	=A1228>A1225								
5214	=A1229>A1228	=A1229>A1226								
5224	=A1230>A1229	=A1230>A1227								
5221	=A1231>A1230	=A1231>A1228								
5236	=A1232>A1231	=A1232>A1229								
5231	=A1233>A1232	=A1233>A1230								
5232	=A1234>A1233	=A1234>A1231								
5235	=A1235>A1234	=A1235>A1232								
5226	=A1236>A1235	=A1236>A1233								
5230	=A1237>A1236	=A1237>A1234								
5231	=A1238>A1237	=A1238>A1235								
5210	=A1239>A1238	=A1239>A1236								
5219	=A1240>A1239	=A1240>A1237								
5223	=A1241>A1240	=A1241>A1238								
5224	=A1242>A1241	=A1242>A1239								
5225	=A1243>A1242	=A1243>A1240								
5229	=A1244>A1243	=A1244>A1241								
5230	=A1245>A1244	=A1245>A1242								
5239	=A1246>A1245	=A1246>A1243								
5254	=A1247>A1246	=A1247>A1244								
5261	=A1248>A1247	=A1248>A1245								
5262	=A1249>A1248	=A1249>A1246								
5265	=A1250>A1249	=A1250>A1247								
5261	=A1251>A1250	=A1251>A1248								
5262	=A1252>A1251	=A1252>A1249								
5263	=A1253>A1252	=A1253>A1250								
5270	=A1254>A1253	=A1254>A1251								
5275	=A1255>A1254	=A1255>A1252								
5274	=A1256>A1255	=A1256>A1253								
5270	=A1257>A1256	=A1257>A1254								
5267	=A1258>A1257	=A1258>A1255								
5263	=A1259>A1258	=A1259>A1256								
5265	=A1260>A1259	=A1260>A1257								
5289	=A1261>A1260	=A1261>A1258								
5290	=A1262>A1261	=A1262>A1259								
5298	=A1263>A1262	=A1263>A1260								
5300	=A1264>A1263	=A1264>A1261								
5303	=A1265>A1264	=A1265>A1262								
5301	=A1266>A1265	=A1266>A1263								
5302	=A1267>A1266	=A1267>A1264								
5305	=A1268>A1267	=A1268>A1265								
5319	=A1269>A1268	=A1269>A1266								
5324	=A1270>A1269	=A1270>A1267								
5348	=A1271>A1270	=A1271>A1268								
5351	=A1272>A1271	=A1272>A1269								
5355	=A1273>A1272	=A1273>A1270								
5356	=A1274>A1273	=A1274>A1271								
5354	=A1275>A1274	=A1275>A1272								
5365	=A1276>A1275	=A1276>A1273								
5359	=A1277>A1276	=A1277>A1274								
5356	=A1278>A1277	=A1278>A1275								
5357	=A1279>A1278	=A1279>A1276								
5380	=A1280>A1279	=A1280>A1277								
5378	=A1281>A1280	=A1281>A1278								
5395	=A1282>A1281	=A1282>A1279								
5403	=A1283>A1282	=A1283>A1280								
5413	=A1284>A1283	=A1284>A1281								
5422	=A1285>A1284	=A1285>A1282								
5421	=A1286>A1285	=A1286>A1283								
5431	=A1287>A1286	=A1287>A1284								
5430	=A1288>A1287	=A1288>A1285								
5446	=A1289>A1288	=A1289>A1286								
5458	=A1290>A1289	=A1290>A1287								
5462	=A1291>A1290	=A1291>A1288								
5466	=A1292>A1291	=A1292>A1289								
5467	=A1293>A1292	=A1293>A1290								
5471	=A1294>A1293	=A1294>A1291								
5472	=A1295>A1294	=A1295>A1292								
5471	=A1296>A1295	=A1296>A1293								
5486	=A1297>A1296	=A1297>A1294								
5494	=A1298>A1297	=A1298>A1295								
5495	=A1299>A1298	=A1299>A1296								
5497	=A1300>A1299	=A1300>A1297								
5500	=A1301>A1300	=A1301>A1298								
5520	=A1302>A1301	=A1302>A1299								
5522	=A1303>A1302	=A1303>A1300								
5525	=A1304>A1303	=A1304>A1301								
5529	=A1305>A1304	=A1305>A1302								
5562	=A1306>A1305	=A1306>A1303								
5563	=A1307>A1306	=A1307>A1304								
5566	=A1308>A1307	=A1308>A1305								
5569	=A1309>A1308	=A1309>A1306								
5572	=A1310>A1309	=A1310>A1307								
5586	=A1311>A1310	=A1311>A1308								
5592	=A1312>A1311	=A1312>A1309								
5594	=A1313>A1312	=A1313>A1310								
5595	=A1314>A1313	=A1314>A1311								
5598	=A1315>A1314	=A1315>A1312								
5603	=A1316>A1315	=A1316>A1313								
5587	=A1317>A1316	=A1317>A1314								
5588	=A1318>A1317	=A1318>A1315								
5592	=A1319>A1318	=A1319>A1316								
5595	=A1320>A1319	=A1320>A1317								
5596	=A1321>A1320	=A1321>A1318								
5605	=A1322>A1321	=A1322>A1319								
5626	=A1323>A1322	=A1323>A1320								
5628	=A1324>A1323	=A1324>A1321								
5629	=A1325>A1324	=A1325>A1322								
5632	=A1326>A1325	=A1326>A1323								
5637	=A1327>A1326	=A1327>A1324								
5639	=A1328>A1327	=A1328>A1325								
5643	=A1329>A1328	=A1329>A1326								
5647	=A1330>A1329	=A1330>A1327								
5629	=A1331>A1330	=A1331>A1328								
5634	=A1332>A1331	=A1332>A1329								
5642	=A1333>A1332	=A1333>A1330								
5643	=A1334>A1333	=A1334>A1331								
5651	=A1335>A1334	=A1335>A1332								
5646	=A1336>A1335	=A1336>A1333								
5662	=A1337>A1336	=A1337>A1334								
5663	=A1338>A1337	=A1338>A1335								
5675	=A1339>A1338	=A1339>A1336								
5677	=A1340>A1339	=A1340>A1337								
5684	=A1341>A1340	=A1341>A1338								
5688	=A1342>A1341	=A1342>A1339								
5700	=A1343>A1342	=A1343>A1340								
5703	=A1344>A1343	=A1344>A1341								
5681	=A1345>A1344	=A1345>A1342								
5720	=A1346>A1345	=A1346>A1343								
5731	=A1347>A1346	=A1347>A1344								
5738	=A1348>A1347	=A1348>A1345								
5741	=A1349>A1348	=A1349>A1346								
5743	=A1350>A1349	=A1350>A1347								
5744	=A1351>A1350	=A1351>A1348								
5754	=A1352>A1351	=A1352>A1349								
5756	=A1353>A1352	=A1353>A1350								
5764	=A1354>A1353	=A1354>A1351								
5770	=A1355>A1354	=A1355>A1352								
5769	=A1356>A1355	=A1356>A1353								
5777	=A1357>A1356	=A1357>A1354								
5780	=A1358>A1357	=A1358>A1355								
5788	=A1359>A1358	=A1359>A1356								
5791	=A1360>A1359	=A1360>A1357								
5812	=A1361>A1360	=A1361>A1358								
5813	=A1362>A1361	=A1362>A1359								
5817	=A1363>A1362	=A1363>A1360								
5830	=A1364>A1363	=A1364>A1361								
5839	=A1365>A1364	=A1365>A1362								
5840	=A1366>A1365	=A1366>A1363								
5866	=A1367>A1366	=A1367>A1364								
5870	=A1368>A1367	=A1368>A1365								
5871	=A1369>A1368	=A1369>A1366								
5864	=A1370>A1369	=A1370>A1367								
5867	=A1371>A1370	=A1371>A1368								
5870	=A1372>A1371	=A1372>A1369								
5873	=A1373>A1372	=A1373>A1370								
5874	=A1374>A1373	=A1374>A1371								
5912	=A1375>A1374	=A1375>A1372								
5914	=A1376>A1375	=A1376>A1373								
5917	=A1377>A1376	=A1377>A1374								
5922	=A1378>A1377	=A1378>A1375								
5931	=A1379>A1378	=A1379>A1376								
5932	=A1380>A1379	=A1380>A1377								
5936	=A1381>A1380	=A1381>A1378								
5937	=A1382>A1381	=A1382>A1379								
5936	=A1383>A1382	=A1383>A1380								
5938	=A1384>A1383	=A1384>A1381								
5959	=A1385>A1384	=A1385>A1382								
5961	=A1386>A1385	=A1386>A1383								
5955	=A1387>A1386	=A1387>A1384								
5960	=A1388>A1387	=A1388>A1385								
5985	=A1389>A1388	=A1389>A1386								
5998	=A1390>A1389	=A1390>A1387								
5997	=A1391>A1390	=A1391>A1388								
5999	=A1392>A1391	=A1392>A1389								
6000	=A1393>A1392	=A1393>A1390								
6003	=A1394>A1393	=A1394>A1391								
6013	=A1395>A1394	=A1395>A1392								
6027	=A1396>A1395	=A1396>A1393								
6028	=A1397>A1396	=A1397>A1394								
6048	=A1398>A1397	=A1398>A1395								
6047	=A1399>A1398	=A1399>A1396								
6049	=A1400>A1399	=A1400>A1397								
6043	=A1401>A1400	=A1401>A1398								
6050	=A1402>A1401	=A1402>A1399								
6073	=A1403>A1402	=A1403>A1400								
6074	=A1404>A1403	=A1404>A1401								
6097	=A1405>A1404	=A1405>A1402								
6098	=A1406>A1405	=A1406>A1403								
6099	=A1407>A1406	=A1407>A1404								
6100	=A1408>A1407	=A1408>A1405								
6102	=A1409>A1408	=A1409>A1406								
6104	=A1410>A1409	=A1410>A1407								
6117	=A1411>A1410	=A1411>A1408								
6116	=A1412>A1411	=A1412>A1409								
6118	=A1413>A1412	=A1413>A1410								
6138	=A1414>A1413	=A1414>A1411								
6139	=A1415>A1414	=A1415>A1412								
6151	=A1416>A1415	=A1416>A1413								
6152	=A1417>A1416	=A1417>A1414								
6150	=A1418>A1417	=A1418>A1415								
6152	=A1419>A1418	=A1419>A1416								
6153	=A1420>A1419	=A1420>A1417								
6163	=A1421>A1420	=A1421>A1418								
6187	=A1422>A1421	=A1422>A1419								
6191	=A1423>A1422	=A1423>A1420								
6187	=A1424>A1423	=A1424>A1421								
6191	=A1425>A1424	=A1425>A1422								
6190	=A1426>A1425	=A1426>A1423								
6202	=A1427>A1426	=A1427>A1424								
6205	=A1428>A1427	=A1428>A1425								
6214	=A1429>A1428	=A1429>A1426								
6213	=A1430>A1429	=A1430>A1427								
6216	=A1431>A1430	=A1431>A1428								
6217	=A1432>A1431	=A1432>A1429								
6219	=A1433>A1432	=A1433>A1430								
6225	=A1434>A1433	=A1434>A1431								
6200	=A1435>A1434	=A1435>A1432								
6201	=A1436>A1435	=A1436>A1433								
6211	=A1437>A1436	=A1437>A1434								
6212	=A1438>A1437	=A1438>A1435								
6222	=A1439>A1438	=A1439>A1436								
6231	=A1440>A1439	=A1440>A1437								
6230	=A1441>A1440	=A1441>A1438								
6249	=A1442>A1441	=A1442>A1439								
6250	=A1443>A1442	=A1443>A1440								
6282	=A1444>A1443	=A1444>A1441								
6309	=A1445>A1444	=A1445>A1442								
6312	=A1446>A1445	=A1446>A1443								
6315	=A1447>A1446	=A1447>A1444								
6310	=A1448>A1447	=A1448>A1445								
6314	=A1449>A1448	=A1449>A1446								
6328	=A1450>A1449	=A1450>A1447								
6335	=A1451>A1450	=A1451>A1448								
6336	=A1452>A1451	=A1452>A1449								
6341	=A1453>A1452	=A1453>A1450								
6348	=A1454>A1453	=A1454>A1451								
6351	=A1455>A1454	=A1455>A1452								
6353	=A1456>A1455	=A1456>A1453								
6358	=A1457>A1456	=A1457>A1454								
6357	=A1458>A1457	=A1458>A1455								
6384	=A1459>A1458	=A1459>A1456								
6385	=A1460>A1459	=A1460>A1457								
6372	=A1461>A1460	=A1461>A1458								
6377	=A1462>A1461	=A1462>A1459								
6382	=A1463>A1462	=A1463>A1460								
6384	=A1464>A1463	=A1464>A1461								
6380	=A1465>A1464	=A1465>A1462								
6382	=A1466>A1465	=A1466>A1463								
6384	=A1467>A1466	=A1467>A1464								
6385	=A1468>A1467	=A1468>A1465								
6388	=A1469>A1468	=A1469>A1466								
6391	=A1470>A1469	=A1470>A1467								
6406	=A1471>A1470	=A1471>A1468								
6405	=A1472>A1471	=A1472>A1469								
6414	=A1473>A1472	=A1473>A1470								
6415	=A1474>A1473	=A1474>A1471								
6417	=A1475>A1474	=A1475>A1472								
6418	=A1476>A1475	=A1476>A1473								
6423	=A1477>A1476	=A1477>A1474								
6424	=A1478>A1477	=A1478>A1475								
6436	=A1479>A1478	=A1479>A1476								
6453	=A1480>A1479	=A1480>A1477								
6460	=A1481>A1480	=A1481>A1478								
6459	=A1482>A1481	=A1482>A1479								
6461	=A1483>A1482	=A1483>A1480								
6475	=A1484>A1483	=A1484>A1481								
6479	=A1485>A1484	=A1485>A1482								
6476	=A1486>A1485	=A1486>A1483								
6477	=A1487>A1486	=A1487>A1484								
6479	=A1488>A1487	=A1488>A1485								
6482	=A1489>A1488	=A1489>A1486								
6481	=A1490>A1489	=A1490>A1487								
6479	=A1491>A1490	=A1491>A1488								
6478	=A1492>A1491	=A1492>A1489								
6491	=A1493>A1492	=A1493>A1490								
6500	=A1494>A1493	=A1494>A1491								
6504	=A1495>A1494	=A1495>A1492								
6505	=A1496>A1495	=A1496>A1493								
6506	=A1497>A1496	=A1497>A1494								
6483	=A1498>A1497	=A1498>A1495								
6473	=A1499>A1498	=A1499>A1496								
6474	=A1500>A1499	=A1500>A1497								
6476	=A1501>A1500	=A1501>A1498								
6477	=A1502>A1501	=A1502>A1499								
6487	=A1503>A1502	=A1503>A1500								
6498	=A1504>A1503	=A1504>A1501								
6500	=A1505>A1504	=A1505>A1502								
6501	=A1506>A1505	=A1506>A1503								
6499	=A1507>A1506	=A1507>A1504								
6497	=A1508>A1507	=A1508>A1505								
6501	=A1509>A1508	=A1509>A1506								
6503	=A1510>A1509	=A1510>A1507								
6512	=A1511>A1510	=A1511>A1508								
6510	=A1512>A1511	=A1512>A1509								
6509	=A1513>A1512	=A1513>A1510								
6496	=A1514>A1513	=A1514>A1511								
6497	=A1515>A1514	=A1515>A1512								
6498	=A1516>A1515	=A1516>A1513								
6513	=A1517>A1516	=A1517>A1514								
6520	=A1518>A1517	=A1518>A1515								
6521	=A1519>A1518	=A1519>A1516								
6523	=A1520>A1519	=A1520>A1517								
6546	=A1521>A1520	=A1521>A1518								
6545	=A1522>A1521	=A1522>A1519								
6548	=A1523>A1522	=A1523>A1520								
6558	=A1524>A1523	=A1524>A1521								
6578	=A1525>A1524	=A1525>A1522								
6579	=A1526>A1525	=A1526>A1523								
6584	=A1527>A1526	=A1527>A1524								
6582	=A1528>A1527	=A1528>A1525								
6588	=A1529>A1528	=A1529>A1526								
6593	=A1530>A1529	=A1530>A1527								
6610	=A1531>A1530	=A1531>A1528								
6616	=A1532>A1531	=A1532>A1529								
6605	=A1533>A1532	=A1533>A1530								
6607	=A1534>A1533	=A1534>A1531								
6629	=A1535>A1534	=A1535>A1532								
6626	=A1536>A1535	=A1536>A1533								
6628	=A1537>A1536	=A1537>A1534								
6648	=A1538>A1537	=A1538>A1535								
6647	=A1539>A1538	=A1539>A1536								
6675	=A1540>A1539	=A1540>A1537								
6674	=A1541>A1540	=A1541>A1538								
6682	=A1542>A1541	=A1542>A1539								
6684	=A1543>A1542	=A1543>A1540								
6691	=A1544>A1543	=A1544>A1541								
6716	=A1545>A1544	=A1545>A1542								
6725	=A1546>A1545	=A1546>A1543								
6726	=A1547>A1546	=A1547>A1544								
6731	=A1548>A1547	=A1548>A1545								
6747	=A1549>A1548	=A1549>A1546								
6764	=A1550>A1549	=A1550>A1547								
6771	=A1551>A1550	=A1551>A1548								
6774	=A1552>A1551	=A1552>A1549								
6780	=A1553>A1552	=A1553>A1550								
6784	=A1554>A1553	=A1554>A1551								
6785	=A1555>A1554	=A1555>A1552								
6789	=A1556>A1555	=A1556>A1553								
6802	=A1557>A1556	=A1557>A1554								
6823	=A1558>A1557	=A1558>A1555								
6838	=A1559>A1558	=A1559>A1556								
6853	=A1560>A1559	=A1560>A1557								
6860	=A1561>A1560	=A1561>A1558								
6847	=A1562>A1561	=A1562>A1559								
6848	=A1563>A1562	=A1563>A1560								
6863	=A1564>A1563	=A1564>A1561								
6862	=A1565>A1564	=A1565>A1562								
6868	=A1566>A1565	=A1566>A1563								
6872	=A1567>A1566	=A1567>A1564								
6873	=A1568>A1567	=A1568>A1565								
6865	=A1569>A1568	=A1569>A1566								
6869	=A1570>A1569	=A1570>A1567								
6870	=A1571>A1570	=A1571>A1568								
6872	=A1572>A1571	=A1572>A1569								
6874	=A1573>A1572	=A1573>A1570								
6898	=A1574>A1573	=A1574>A1571								
6902	=A1575>A1574	=A1575>A1572								
6908	=A1576>A1575	=A1576>A1573								
6907	=A1577>A1576	=A1577>A1574								
6914	=A1578>A1577	=A1578>A1575								
6912	=A1579>A1578	=A1579>A1576								
6913	=A1580>A1579	=A1580>A1577								
6918	=A1581>A1580	=A1581>A1578								
6940	=A1582>A1581	=A1582>A1579								
6942	=A1583>A1582	=A1583>A1580								
6943	=A1584>A1583	=A1584>A1581								
6944	=A1585>A1584	=A1585>A1582								
6945	=A1586>A1585	=A1586>A1583								
6948	=A1587>A1586	=A1587>A1584								
6949	=A1588>A1587	=A1588>A1585								
6950	=A1589>A1588	=A1589>A1586								
6956	=A1590>A1589	=A1590>A1587								
6961	=A1591>A1590	=A1591>A1588								
6978	=A1592>A1591	=A1592>A1589								
6984	=A1593>A1592	=A1593>A1590								
7007	=A1594>A1593	=A1594>A1591								
7011	=A1595>A1594	=A1595>A1592								
7019	=A1596>A1595	=A1596>A1593								
7031	=A1597>A1596	=A1597>A1594								
7038	=A1598>A1597	=A1598>A1595								
7052	=A1599>A1598	=A1599>A1596								
7053	=A1600>A1599	=A1600>A1597								
7059	=A1601>A1600	=A1601>A1598								
7064	=A1602>A1601	=A1602>A1599								
7058	=A1603>A1602	=A1603>A1600								
7064	=A1604>A1603	=A1604>A1601								
7067	=A1605>A1604	=A1605>A1602								
7069	=A1606>A1605	=A1606>A1603								
7063	=A1607>A1606	=A1607>A1604								
7062	=A1608>A1607	=A1608>A1605								
7084	=A1609>A1608	=A1609>A1606								
7086	=A1610>A1609	=A1610>A1607								
7093	=A1611>A1610	=A1611>A1608								
7096	=A1612>A1611	=A1612>A1609								
7088	=A1613>A1612	=A1613>A1610								
7091	=A1614>A1613	=A1614>A1611								
7102	=A1615>A1614	=A1615>A1612								
7099	=A1616>A1615	=A1616>A1613								
7103	=A1617>A1616	=A1617>A1614								
7131	=A1618>A1617	=A1618>A1615								
7132	=A1619>A1618	=A1619>A1616								
7127	=A1620>A1619	=A1620>A1617								
7130	=A1621>A1620	=A1621>A1618								
7131	=A1622>A1621	=A1622>A1619								
7132	=A1623>A1622	=A1623>A1620								
7133	=A1624>A1623	=A1624>A1621								
7134	=A1625>A1624	=A1625>A1622								
7133	=A1626>A1625	=A1626>A1623								
7144	=A1627>A1626	=A1627>A1624								
7145	=A1628>A1627	=A1628>A1625								
7152	=A1629>A1628	=A1629>A1626								
7156	=A1630>A1629	=A1630>A1627								
7157	=A1631>A1630	=A1631>A1628								
7158	=A1632>A1631	=A1632>A1629								
7155	=A1633>A1632	=A1633>A1630								
7169	=A1634>A1633	=A1634>A1631								
7172	=A1635>A1634	=A1635>A1632								
7182	=A1636>A1635	=A1636>A1633								
7184	=A1637>A1636	=A1637>A1634								
7209	=A1638>A1637	=A1638>A1635								
7212	=A1639>A1638	=A1639>A1636								
7180	=A1640>A1639	=A1640>A1637								
7185	=A1641>A1640	=A1641>A1638								
7184	=A1642>A1641	=A1642>A1639								
7185	=A1643>A1642	=A1643>A1640								
7190	=A1644>A1643	=A1644>A1641								
7176	=A1645>A1644	=A1645>A1642								
7178	=A1646>A1645	=A1646>A1643								
7181	=A1647>A1646	=A1647>A1644								
7178	=A1648>A1647	=A1648>A1645								
7186	=A1649>A1648	=A1649>A1646								
7179	=A1650>A1649	=A1650>A1647								
7180	=A1651>A1650	=A1651>A1648								
7183	=A1652>A1651	=A1652>A1649								
7182	=A1653>A1652	=A1653>A1650								
7183	=A1654>A1653	=A1654>A1651								
7179	=A1655>A1654	=A1655>A1652								
7181	=A1656>A1655	=A1656>A1653								
7185	=A1657>A1656	=A1657>A1654								
7187	=A1658>A1657	=A1658>A1655								
7200	=A1659>A1658	=A1659>A1656								
7201	=A1660>A1659	=A1660>A1657								
7202	=A1661>A1660	=A1661>A1658								
7204	=A1662>A1661	=A1662>A1659								
7205	=A1663>A1662	=A1663>A1660								
7213	=A1664>A1663	=A1664>A1661								
7216	=A1665>A1664	=A1665>A1662								
7217	=A1666>A1665	=A1666>A1663								
7219	=A1667>A1666	=A1667>A1664								
7220	=A1668>A1667	=A1668>A1665								
7217	=A1669>A1668	=A1669>A1666								
7234	=A1670>A1669	=A1670>A1667								
7235	=A1671>A1670	=A1671>A1668								
7238	=A1672>A1671	=A1672>A1669								
7239	=A1673>A1672	=A1673>A1670								
7237	=A1674>A1673	=A1674>A1671								
7240	=A1675>A1674	=A1675>A1672								
7241	=A1676>A1675	=A1676>A1673								
7264	=A1677>A1676	=A1677>A1674								
7280	=A1678>A1677	=A1678>A1675								
7278	=A1679>A1678	=A1679>A1676								
7267	=A1680>A1679	=A1680>A1677								
7273	=A1681>A1680	=A1681>A1678								
7283	=A1682>A1681	=A1682>A1679								
7284	=A1683>A1682	=A1683>A1680								
7287	=A1684>A1683	=A1684>A1681								
7289	=A1685>A1684	=A1685>A1682								
7288	=A1686>A1685	=A1686>A1683								
7286	=A1687>A1686	=A1687>A1684								
7311	=A1688>A1687	=A1688>A1685								
7323	=A1689>A1688	=A1689>A1686								
7332	=A1690>A1689	=A1690>A1687								
7333	=A1691>A1690	=A1691>A1688								
7336	=A1692>A1691	=A1692>A1689								
7339	=A1693>A1692	=A1693>A1690								
7343	=A1694>A1693	=A1694>A1691								
7351	=A1695>A1694	=A1695>A1692								
7376	=A1696>A1695	=A1696>A1693								
7380	=A1697>A1696	=A1697>A1694								
7381	=A1698>A1697	=A1698>A1695								
7382	=A1699>A1698	=A1699>A1696								
7392	=A1700>A1699	=A1700>A1697								
7402	=A1701>A1700	=A1701>A1698								
7400	=A1702>A1701	=A1702>A1699								
7402	=A1703>A1702	=A1703>A1700								
7409	=A1704>A1703	=A1704>A1701								
7431	=A1705>A1704	=A1705>A1702								
7435	=A1706>A1705	=A1706>A1703								
7437	=A1707>A1706	=A1707>A1704								
7439	=A1708>A1707	=A1708>A1705								
7455	=A1709>A1708	=A1709>A1706								
7451	=A1710>A1709	=A1710>A1707								
7465	=A1711>A1710	=A1711>A1708								
7468	=A1712>A1711	=A1712>A1709								
7495	=A1713>A1712	=A1713>A1710								
7503	=A1714>A1713	=A1714>A1711								
7504	=A1715>A1714	=A1715>A1712								
7508	=A1716>A1715	=A1716>A1713								
7498	=A1717>A1716	=A1717>A1714								
7502	=A1718>A1717	=A1718>A1715								
7503	=A1719>A1718	=A1719>A1716								
7504	=A1720>A1719	=A1720>A1717								
7496	=A1721>A1720	=A1721>A1718								
7504	=A1722>A1721	=A1722>A1719								
7509	=A1723>A1722	=A1723>A1720								
7517	=A1724>A1723	=A1724>A1721								
7519	=A1725>A1724	=A1725>A1722								
7514	=A1726>A1725	=A1726>A1723								
7532	=A1727>A1726	=A1727>A1724								
7534	=A1728>A1727	=A1728>A1725								
7553	=A1729>A1728	=A1729>A1726								
7551	=A1730>A1729	=A1730>A1727								
7555	=A1731>A1730	=A1731>A1728								
7550	=A1732>A1731	=A1732>A1729								
7551	=A1733>A1732	=A1733>A1730								
7552	=A1734>A1733	=A1734>A1731								
7553	=A1735>A1734	=A1735>A1732								
7554	=A1736>A1735	=A1736>A1733								
7556	=A1737>A1736	=A1737>A1734								
7557	=A1738>A1737	=A1738>A1735								
7558	=A1739>A1738	=A1739>A1736								
7559	=A1740>A1739	=A1740>A1737								
7583	=A1741>A1740	=A1741>A1738								
7588	=A1742>A1741	=A1742>A1739								
7589	=A1743>A1742	=A1743>A1740								
7590	=A1744>A1743	=A1744>A1741								
7589	=A1745>A1744	=A1745>A1742								
7605	=A1746>A1745	=A1746>A1743								
7606	=A1747>A1746	=A1747>A1744								
7608	=A1748>A1747	=A1748>A1745								
7615	=A1749>A1748	=A1749>A1746								
7637	=A1750>A1749	=A1750>A1747								
7652	=A1751>A1750	=A1751>A1748								
7664	=A1752>A1751	=A1752>A1749								
7665	=A1753>A1752	=A1753>A1750								
7667	=A1754>A1753	=A1754>A1751								
7669	=A1755>A1754	=A1755>A1752								
7688	=A1756>A1755	=A1756>A1753								
7690	=A1757>A1756	=A1757>A1754								
7716	=A1758>A1757	=A1758>A1755								
7717	=A1759>A1758	=A1759>A1756								
7720	=A1760>A1759	=A1760>A1757								
7728	=A1761>A1760	=A1761>A1758								
7732	=A1762>A1761	=A1762>A1759								
7738	=A1763>A1762	=A1763>A1760								
7752	=A1764>A1763	=A1764>A1761								
7758	=A1765>A1764	=A1765>A1762								
7780	=A1766>A1765	=A1766>A1763								
7789	=A1767>A1766	=A1767>A1764								
7801	=A1768>A1767	=A1768>A1765								
7839	=A1769>A1768	=A1769>A1766								
7838	=A1770>A1769	=A1770>A1767								
7849	=A1771>A1770	=A1771>A1768								
7848	=A1772>A1771	=A1772>A1769								
7860	=A1773>A1772	=A1773>A1770								
7851	=A1774>A1773	=A1774>A1771								
7844	=A1775>A1774	=A1775>A1772								
7845	=A1776>A1775	=A1776>A1773								
7844	=A1777>A1776	=A1777>A1774								
7849	=A1778>A1777	=A1778>A1775								
7850	=A1779>A1778	=A1779>A1776								
7855	=A1780>A1779	=A1780>A1777								
7853	=A1781>A1780	=A1781>A1778								
7854	=A1782>A1781	=A1782>A1779								
7864	=A1783>A1782	=A1783>A1780								
7865	=A1784>A1783	=A1784>A1781								
7866	=A1785>A1784	=A1785>A1782								
7867	=A1786>A1785	=A1786>A1783								
7875	=A1787>A1786	=A1787>A1784								
7888	=A1788>A1787	=A1788>A1785								
7889	=A1789>A1788	=A1789>A1786								
7895	=A1790>A1789	=A1790>A1787								
7899	=A1791>A1790	=A1791>A1788								
7911	=A1792>A1791	=A1792>A1789								
7906	=A1793>A1792	=A1793>A1790								
7934	=A1794>A1793	=A1794>A1791								
7938	=A1795>A1794	=A1795>A1792								
7941	=A1796>A1795	=A1796>A1793								
7943	=A1797>A1796	=A1797>A1794								
7936	=A1798>A1797	=A1798>A1795								
7935	=A1799>A1798	=A1799>A1796								
7937	=A1800>A1799	=A1800>A1797								
7938	=A1801>A1800	=A1801>A1798								
7940	=A1802>A1801	=A1802>A1799								
7950	=A1803>A1802	=A1803>A1800								
7959	=A1804>A1803	=A1804>A1801								
7958	=A1805>A1804	=A1805>A1802								
7966	=A1806>A1805	=A1806>A1803								
7968	=A1807>A1806	=A1807>A1804								
7992	=A1808>A1807	=A1808>A1805								
7996	=A1809>A1808	=A1809>A1806								
7997	=A1810>A1809	=A1810>A1807								
7991	=A1811>A1810	=A1811>A1808								
7995	=A1812>A1811	=A1812>A1809								
7996	=A1813>A1812	=A1813>A1810								
8005	=A1814>A1813	=A1814>A1811								
8006	=A1815>A1814	=A1815>A1812								
8007	=A1816>A1815	=A1816>A1813								
8010	=A1817>A1816	=A1817>A1814								
8013	=A1818>A1817	=A1818>A1815								
8015	=A1819>A1818	=A1819>A1816								
8014	=A1820>A1819	=A1820>A1817								
8016	=A1821>A1820	=A1821>A1818								
8048	=A1822>A1821	=A1822>A1819								
8053	=A1823>A1822	=A1823>A1820								
8051	=A1824>A1823	=A1824>A1821								
8030	=A1825>A1824	=A1825>A1822								
8032	=A1826>A1825	=A1826>A1823								
8029	=A1827>A1826	=A1827>A1824								
8028	=A1828>A1827	=A1828>A1825								
8029	=A1829>A1828	=A1829>A1826								
8038	=A1830>A1829	=A1830>A1827								
8047	=A1831>A1830	=A1831>A1828								
8069	=A1832>A1831	=A1832>A1829								
8084	=A1833>A1832	=A1833>A1830								
8099	=A1834>A1833	=A1834>A1831								
8095	=A1835>A1834	=A1835>A1832								
8099	=A1836>A1835	=A1836>A1833								
8105	=A1837>A1836	=A1837>A1834								
8096	=A1838>A1837	=A1838>A1835								
8101	=A1839>A1838	=A1839>A1836								
8102	=A1840>A1839	=A1840>A1837								
8107	=A1841>A1840	=A1841>A1838								
8131	=A1842>A1841	=A1842>A1839								
8151	=A1843>A1842	=A1843>A1840								
8154	=A1844>A1843	=A1844>A1841								
8156	=A1845>A1844	=A1845>A1842								
8158	=A1846>A1845	=A1846>A1843								
8177	=A1847>A1846	=A1847>A1844								
8207	=A1848>A1847	=A1848>A1845								
8208	=A1849>A1848	=A1849>A1846								
8187	=A1850>A1849	=A1850>A1847								
8188	=A1851>A1850	=A1851>A1848								
8191	=A1852>A1851	=A1852>A1849								
8168	=A1853>A1852	=A1853>A1850								
8169	=A1854>A1853	=A1854>A1851								
8172	=A1855>A1854	=A1855>A1852								
8179	=A1856>A1855	=A1856>A1853								
8180	=A1857>A1856	=A1857>A1854								
8181	=A1858>A1857	=A1858>A1855								
8183	=A1859>A1858	=A1859>A1856								
8193	=A1860>A1859	=A1860>A1857								
8205	=A1861>A1860	=A1861>A1858								
8245	=A1862>A1861	=A1862>A1859								
8246	=A1863>A1862	=A1863>A1860								
8255	=A1864>A1863	=A1864>A1861								
8247	=A1865>A1864	=A1865>A1862								
8251	=A1866>A1865	=A1866>A1863								
8252	=A1867>A1866	=A1867>A1864								
8251	=A1868>A1867	=A1868>A1865								
8250	=A1869>A1868	=A1869>A1866								
8252	=A1870>A1869	=A1870>A1867								
8258	=A1871>A1870	=A1871>A1868								
8259	=A1872>A1871	=A1872>A1869								
8260	=A1873>A1872	=A1873>A1870								
8267	=A1874>A1873	=A1874>A1871								
8271	=A1875>A1874	=A1875>A1872								
8290	=A1876>A1875	=A1876>A1873								
8305	=A1877>A1876	=A1877>A1874								
8315	=A1878>A1877	=A1878>A1875								
8322	=A1879>A1878	=A1879>A1876								
8335	=A1880>A1879	=A1880>A1877								
8338	=A1881>A1880	=A1881>A1878								
8341	=A1882>A1881	=A1882>A1879								
8342	=A1883>A1882	=A1883>A1880								
8332	=A1884>A1883	=A1884>A1881								
8337	=A1885>A1884	=A1885>A1882								
8345	=A1886>A1885	=A1886>A1883								
8364	=A1887>A1886	=A1887>A1884								
8375	=A1888>A1887	=A1888>A1885								
8362	=A1889>A1888	=A1889>A1886								
8361	=A1890>A1889	=A1890>A1887								
8362	=A1891>A1890	=A1891>A1888								
8354	=A1892>A1891	=A1892>A1889								
8361	=A1893>A1892	=A1893>A1890								
8362	=A1894>A1893	=A1894>A1891								
8377	=A1895>A1894	=A1895>A1892								
8379	=A1896>A1895	=A1896>A1893								
8382	=A1897>A1896	=A1897>A1894								
8406	=A1898>A1897	=A1898>A1895								
8409	=A1899>A1898	=A1899>A1896								
8412	=A1900>A1899	=A1900>A1897								
8413	=A1901>A1900	=A1901>A1898								
8419	=A1902>A1901	=A1902>A1899								
8418	=A1903>A1902	=A1903>A1900								
8419	=A1904>A1903	=A1904>A1901								
8430	=A1905>A1904	=A1905>A1902								
8435	=A1906>A1905	=A1906>A1903								
8429	=A1907>A1906	=A1907>A1904								
8434	=A1908>A1907	=A1908>A1905								
8435	=A1909>A1908	=A1909>A1906								
8417	=A1910>A1909	=A1910>A1907								
8443	=A1911>A1910	=A1911>A1908								
8434	=A1912>A1911	=A1912>A1909								
8447	=A1913>A1912	=A1913>A1910								
8449	=A1914>A1913	=A1914>A1911								
8452	=A1915>A1914	=A1915>A1912								
8459	=A1916>A1915	=A1916>A1913								
8486	=A1917>A1916	=A1917>A1914								
8487	=A1918>A1917	=A1918>A1915								
8489	=A1919>A1918	=A1919>A1916								
8490	=A1920>A1919	=A1920>A1917								
8510	=A1921>A1920	=A1921>A1918								
8508	=A1922>A1921	=A1922>A1919								
8509	=A1923>A1922	=A1923>A1920								
8513	=A1924>A1923	=A1924>A1921								
8514	=A1925>A1924	=A1925>A1922								
8511	=A1926>A1925	=A1926>A1923								
8514	=A1927>A1926	=A1927>A1924								
8493	=A1928>A1927	=A1928>A1925								
8476	=A1929>A1928	=A1929>A1926								
8473	=A1930>A1929	=A1930>A1927								
8487	=A1931>A1930	=A1931>A1928								
8511	=A1932>A1931	=A1932>A1929								
8509	=A1933>A1932	=A1933>A1930								
8517	=A1934>A1933	=A1934>A1931								
8521	=A1935>A1934	=A1935>A1932								
8544	=A1936>A1935	=A1936>A1933								
8549	=A1937>A1936	=A1937>A1934								
8567	=A1938>A1937	=A1938>A1935								
8589	=A1939>A1938	=A1939>A1936								
8594	=A1940>A1939	=A1940>A1937								
8598	=A1941>A1940	=A1941>A1938								
8624	=A1942>A1941	=A1942>A1939								
8650	=A1943>A1942	=A1943>A1940								
8654	=A1944>A1943	=A1944>A1941								
8655	=A1945>A1944	=A1945>A1942								
8663	=A1946>A1945	=A1946>A1943								
8662	=A1947>A1946	=A1947>A1944								
8675	=A1948>A1947	=A1948>A1945								
8676	=A1949>A1948	=A1949>A1946								
8693	=A1950>A1949	=A1950>A1947								
8694	=A1951>A1950	=A1951>A1948								
8691	=A1952>A1951	=A1952>A1949								
8693	=A1953>A1952	=A1953>A1950								
8698	=A1954>A1953	=A1954>A1951								
8699	=A1955>A1954	=A1955>A1952								
8720	=A1956>A1955	=A1956>A1953								
8739	=A1957>A1956	=A1957>A1954								
8740	=A1958>A1957	=A1958>A1955								
8747	=A1959>A1958	=A1959>A1956								
8739	=A1960>A1959	=A1960>A1957								
8740	=A1961>A1960	=A1961>A1958								
8761	=A1962>A1961	=A1962>A1959								
8767	=A1963>A1962	=A1963>A1960								
8761	=A1964>A1963	=A1964>A1961								
8768	=A1965>A1964	=A1965>A1962								
8762	=A1966>A1965	=A1966>A1963								
8752	=A1967>A1966	=A1967>A1964								
8757	=A1968>A1967	=A1968>A1965								
8754	=A1969>A1968	=A1969>A1966								
8756	=A1970>A1969	=A1970>A1967								
8765	=A1971>A1970	=A1971>A1968								
8771	=A1972>A1971	=A1972>A1969								
8775	=A1973>A1972	=A1973>A1970								
8780	=A1974>A1973	=A1974>A1971								
8787	=A1975>A1974	=A1975>A1972								
8774	=A1976>A1975	=A1976>A1973								
8772	=A1977>A1976	=A1977>A1974								
8784	=A1978>A1977	=A1978>A1975								
8778	=A1979>A1978	=A1979>A1976								
8783	=A1980>A1979	=A1980>A1977								
8787	=A1981>A1980	=A1981>A1978								
8789	=A1982>A1981	=A1982>A1979								
8808	=A1983>A1982	=A1983>A1980								
8809	=A1984>A1983	=A1984>A1981								
8819	=A1985>A1984	=A1985>A1982								
8837	=A1986>A1985	=A1986>A1983								
8847	=A1987>A1986	=A1987>A1984								
8850	=A1988>A1987	=A1988>A1985								
8848	=A1989>A1988	=A1989>A1986								
8864	=A1990>A1989	=A1990>A1987								
8862	=A1991>A1990	=A1991>A1988								
8864	=A1992>A1991	=A1992>A1989								
8891	=A1993>A1992	=A1993>A1990								
8892	=A1994>A1993	=A1994>A1991								
8884	=A1995>A1994	=A1995>A1992								
8886	=A1996>A1995	=A1996>A1993								
8887	=A1997>A1996	=A1997>A1994								
8888	=A1998>A1997	=A1998>A1995								
8893	=A1999>A1998	=A1999>A1996								
8894	=A2000>A1999	=A2000>A1997								
8895	=A2001>A2000	=A2001>A1998								